藤嶽 暢英,農学部教授,http://weebee1212.com/interview/image/photo/1/main.jpg,嗜好性のないアンテナを360度に伸ばしてみるといい,http://weebee1212.com/interview/content.php?id=1
藤谷 亮太,無一文で日本一周を達成した男,http://weebee1212.com/interview/image/photo/2/main.jpg,日本人は優しかったです。,http://weebee1212.com/interview/content.php?id=2
村上 加奈,"",http://weebee1212.com/interview/image/photo/3/main.jpg,お客さんがいて初めて”演劇”は”公演”になる,http://weebee1212.com/interview/content.php?id=3
八十 祐治,経営学部卒の元Jリーガー・現弁護士,http://weebee1212.com/interview/image/photo/4/main.jpg,人から言われるのを待たずに自分から動くことが大事です。,http://weebee1212.com/interview/content.php?id=4
濱田 矩行,Ghanna Ghanna元代表,http://weebee1212.com/interview/image/photo/5/main.jpg,最高の瞬間は”一つになった”と感じる瞬間です。,http://weebee1212.com/interview/content.php?id=5
神大ピエロ,学部学年不明,http://weebee1212.com/interview/image/photo/6/main.jpg,趣味・・・？みんなを楽しませることかな：’）,http://weebee1212.com/interview/content.php?id=6
堀川 恭加,女子ラクロス部キャプテン,http://weebee1212.com/interview/image/photo/7/main.jpg,新しい”伝統”を作っていきたいです。,http://weebee1212.com/interview/content.php?id=7
宮原 泰之,経営学部准教授,http://weebee1212.com/interview/image/photo/8/main.jpg,”まわりに合わせよう”みたいな雰囲気を大学生にはぶち壊して欲しい。,http://weebee1212.com/interview/content.php?id=8
小林 由季,様々な生き方を提案するライフプランナー,http://weebee1212.com/interview/image/photo/9/main.jpg,生き辛さを抱えた人達に色んな生き方の選択肢を創ってあげたい。,http://weebee1212.com/interview/content.php?id=9
谷岡 久美,発達科学部卒ミュージッククリエイター,http://weebee1212.com/interview/image/photo/10/main.jpg,人と関わることを大事にしてほしい。,http://weebee1212.com/interview/content.php?id=10
島田 賢二,凌美会2012年度部長,http://weebee1212.com/interview/image/photo/11/main.jpg,絵を描くのは自分の分身を作っている感じですね,http://weebee1212.com/interview/content.php?id=11
太田 尚樹,KooBee創始者,http://weebee1212.com/interview/image/photo/12/main.jpg,”楽しい＝楽”ではない,http://weebee1212.com/interview/content.php?id=12
矢部 健太郎,KUEPCON2013優勝,http://weebee1212.com/interview/image/photo/13/main.jpg,努力は実る。才能じゃない,http://weebee1212.com/interview/content.php?id=13
片山 孝章,ニュースネット委員会前編集長,http://weebee1212.com/interview/image/photo/14/main.jpg,ほんのわずかでも人を動かす事＝”伝える”だと思う,http://weebee1212.com/interview/content.php?id=14
長ヶ原 誠,発達科学部准教授,http://weebee1212.com/interview/image/photo/15/main.jpg,”自分に合うか、合わないか”を考える前に、いろいろチャレンジしてみてほしい,http://weebee1212.com/interview/content.php?id=15
箱田 貴大,自由劇場新歓公演脚本,http://weebee1212.com/interview/image/photo/16/main.jpg,学生が一つのものを作り上げる時のパワーを感じて欲しい,http://weebee1212.com/interview/content.php?id=16
河内 鏡太郎,文学部卒元ジャーナリスト,http://weebee1212.com/interview/image/photo/17/main.jpg,どんな場面でも自分の感性、五感を信用して欲しい,http://weebee1212.com/interview/content.php?id=17
田中 優祐,起業家精神育成ゼミナール創始者,http://weebee1212.com/interview/image/photo/18/main.jpg,大事なのは”終わり”を意識すること,http://weebee1212.com/interview/content.php?id=18
知らんやん神戸,「知らん人鍋」代表,http://weebee1212.com/interview/image/photo/19/main.jpg,絶対に知らない人としかやりたくない,http://weebee1212.com/interview/content.php?id=19
中村 匡秀,工学部准教授,http://weebee1212.com/interview/image/photo/20/main.jpg,いっぱい失敗して経験値を貯めてほしい。,http://weebee1212.com/interview/content.php?id=20
鈴木 麻里絵,thREAD代表,http://weebee1212.com/interview/image/photo/21/main.jpg,もやもやから目をそらさないでください,http://weebee1212.com/interview/content.php?id=21
吉備 友理恵,関西建築サークル＃代表,http://weebee1212.com/interview/image/photo/22/main.jpg,あなたと建築したい。,http://weebee1212.com/interview/content.php?id=22
松田 涼花,「いろはプレス」学生記者,http://weebee1212.com/interview/image/photo/23/main.jpg,すごく素敵なものは現在すぐそばにある,http://weebee1212.com/interview/content.php?id=23
洲崎 敏伸,理学部准教授,http://weebee1212.com/interview/image/photo/24/main.jpg,何億年も前の共生によって今の私たちがあります,http://weebee1212.com/interview/content.php?id=24
嶋崎 翔太,RAVENSキャプテン,http://weebee1212.com/interview/image/photo/25/main.jpg,僕らの真剣な姿を見て欲しい,http://weebee1212.com/interview/content.php?id=25
谷端 美里,ROOKSキャプテン,http://weebee1212.com/interview/image/photo/26/main.jpg,がむしゃらにプレーしたい,http://weebee1212.com/interview/content.php?id=26
吉原 史郎,経営学部卒コンサルタント,http://weebee1212.com/interview/image/photo/27/main.jpg,自分がこの仕事をするために生まれてきたという感覚があります。,http://weebee1212.com/interview/content.php?id=27
遠藤 龍,WARLD LOG所属,http://weebee1212.com/interview/image/photo/28/main.jpg,対話で未来を作る,http://weebee1212.com/interview/content.php?id=28
吉田 覚,WIll Way代表,http://weebee1212.com/interview/image/photo/29/main.jpg,いつまでも自分のサポーターであってほしい,http://weebee1212.com/interview/content.php?id=29
郡司 ペギオ 幸夫,理学部教授,http://weebee1212.com/interview/image/photo/30/main.jpg,電池の切れた時計のように死ぬ。,http://weebee1212.com/interview/content.php?id=30
楠木 洋,「希望新風」店長,http://weebee1212.com/interview/image/photo/33/main.jpg,還元できることは還元していきたい,http://weebee1212.com/interview/content.php?id=33
坂井 啓悦,KBCC代表,http://weebee1212.com/interview/image/photo/34/main.jpg,”この案を採用します”と言わせたい。,http://weebee1212.com/interview/content.php?id=34
中西 亮,秋新歓実行委員長,http://weebee1212.com/interview/image/photo/35/main.jpg,さぁ、『オレン家デイズ』からオレンジデイズへ。,http://weebee1212.com/interview/content.php?id=35
ネイビーズアフロ,現役神大生芸人,http://weebee1212.com/interview/image/photo/36/main.jpg,夢のまんま死んでいける。,http://weebee1212.com/interview/content.php?id=36
神大生のカフェbot,カフェ本を出した人気アカウント,http://weebee1212.com/interview/image/photo/37/main.jpg,まだまだ伝えたい魅力がたくさんあります,http://weebee1212.com/interview/content.php?id=37
西本 光希,"",http://weebee1212.com/interview/image/photo/38/main.jpg,バリア（障害）をバリュー（価値）とする。,http://weebee1212.com/interview/content.php?id=38
宮村 優哉,圧倒的なフォロワー数を誇るカメラマン,http://weebee1212.com/interview/image/photo/39/main.jpg,自分起点で発信していきたい,http://weebee1212.com/interview/content.php?id=39
井上 大樹,新歓祭実行委員長,http://weebee1212.com/interview/image/photo/40/main.jpg,やっぱり一生懸命になれることが楽しい,http://weebee1212.com/interview/content.php?id=40
挨拶の警備員さん,神大の名物挨拶警備員さん,http://weebee1212.com/interview/image/photo/41/main.jpg,コミュニケーションは先手必勝,http://weebee1212.com/interview/content.php?id=41
乾 晃大,夜カフェ”notte”オーナー,http://weebee1212.com/interview/image/photo/43/main.jpg,誰かに貢献できるのがビジネス,http://weebee1212.com/interview/content.php?id=43
井口 翔太,元美容師の発達科学部生,http://weebee1212.com/interview/image/photo/44/main.jpg,主体的に学ぶってこと,http://weebee1212.com/interview/content.php?id=44
高橋 弦太,休学し、長期海外旅行を決意した男,http://weebee1212.com/interview/image/photo/45/main.jpg,今しかないじゃん、学生って,http://weebee1212.com/interview/content.php?id=45
大橋 倫子,大倉山祭2014実行委員長,http://weebee1212.com/interview/image/photo/46/main.jpg,ありのままの医学部を知ってもらいたい,http://weebee1212.com/interview/content.php?id=46
羽賀 誠,ベルカン9期代表,http://weebee1212.com/interview/image/photo/47/main.jpg,面白くないことは続かない,http://weebee1212.com/interview/content.php?id=47
LINO LEIA,歌手活動を行う現役大学生,http://weebee1212.com/interview/image/photo/48/main.jpg,音楽があれば必ず世界は変えられる。,http://weebee1212.com/interview/content.php?id=48
うりぼーたろう,神大のマスコットキャラクター,http://weebee1212.com/interview/image/photo/49/main.jpg,神大生が満足してくれたら嬉しい,http://weebee1212.com/interview/content.php?id=49
池田 輝彦,りんぐ店長,http://weebee1212.com/interview/image/photo/50/main.jpg,みんなでりんぐを作りたい,http://weebee1212.com/interview/content.php?id=50
河上　隼己,ESSディスカッション全国大会2位,http://weebee1212.com/interview/image/photo/51/main.jpg,後悔しないように続けることがエピソードを作る,http://weebee1212.com/interview/content.php?id=51
福田　茜,KooBee2015代表,http://weebee1212.com/interview/image/photo/52/main.jpg,しんどくても、頑張ったら一番楽しいものになる。それが根底にないと面白くない,http://weebee1212.com/interview/content.php?id=52
甲家晩飛,落語研究会代表,http://weebee1212.com/interview/image/photo/53/main.jpg,普通のくだらない話をして、新入生と仲良くなりたい,http://weebee1212.com/interview/content.php?id=53
田中光,カフェ運営を行う現役大学生,http://weebee1212.com/interview/image/photo/54/main.jpg,お客さんそれぞれにとって、ほっこりできるカフェでありたい,http://weebee1212.com/interview/content.php?id=54
宮下奨平,アプリ開発者,http://weebee1212.com/interview/image/photo/55/main.jpg,周りに流されず、自分で決める覚悟が夢を叶える,http://weebee1212.com/interview/content.php?id=55
奥野亜衣,バレエダンサーを目指す、現役大学生,http://weebee1212.com/interview/image/photo/56/main.jpg,全力で向き合い、全力でぶつかって、全部自分の糧にする,http://weebee1212.com/interview/content.php?id=56
月井涼太郎,国際教育プログラム「Up With People」参加者,http://weebee1212.com/interview/image/photo/57/main.jpg,ビビッときたことに対しては努力を惜しまない,http://weebee1212.com/interview/content.php?id=57
岡川 鉄平,コミュニティスペース「Museum Base」運営者,http://weebee1212.com/interview/image/photo/58/main.jpg,仲間と一緒にいちから作り上げてきたこのお店にはすごく愛着がありますね,http://weebee1212.com/interview/content.php?id=58
黄勇太,人生をかけて研究に捧ぐ,http://weebee1212.com/interview/image/photo/59/main.jpg,しんどいけど楽しい。このけどの部分が大事なんです。,http://weebee1212.com/interview/content.php?id=59
三ツ矢・M・たらお,自由劇場 新入生歓迎公演「ゆめゆめこのじ」演出,http://weebee1212.com/interview/image/photo/60/main.jpg,最終的にお客さんがいいと思うものを作る,http://weebee1212.com/interview/content.php?id=60
金川武,国際文化学部3回生,http://weebee1212.com/interview/image/photo/61/main.jpg,自分が誰よりも楽しんでやるんだ!,http://weebee1212.com/interview/content.php?id=61
岩渕想太,現役神大生バンド“パノラマパナマタウン”Vo&Gt,http://weebee1212.com/interview/image/photo/62/main.jpg,一番面白いことするのは学生のはずなのに,http://weebee1212.com/interview/content.php?id=62
尾内 純,古本とジャズ『口笛文庫』 店主,http://weebee1212.com/interview/image/photo/63/main.jpg,古本屋をやりたいと、ずっと思っていました,http://weebee1212.com/interview/content.php?id=63
松村健司　井部良太,山岳部,http://weebee1212.com/interview/image/photo/64/main.jpg,ただ、登りたいから登っている,http://weebee1212.com/interview/content.php?id=64
切東 優,JUNK SHOP 店主,http://weebee1212.com/interview/image/photo/65/main.jpg,人々の集まるお店を作りたかったんです,http://weebee1212.com/interview/content.php?id=65
土生健太郎,放送委員会制作部,http://weebee1212.com/interview/image/photo/66/main.jpg,強引に自分の世界に連れ込む。それが僕の作品。,http://weebee1212.com/interview/content.php?id=66
山下真菜美, 元町映画館映画チア部  文学部2回生,http://weebee1212.com/interview/image/photo/67/main.jpg,1館1館の個性が出る。それがミニシアターのいいところ。,http://weebee1212.com/interview/content.php?id=67
とに,"""ラーメン荘　歴史を刻め　六甲道""店主",http://weebee1212.com/interview/image/photo/68/main.jpg,腹減ったら食べにおいで,http://weebee1212.com/interview/content.php?id=68
永岡 誠,工学部３回生,http://weebee1212.com/interview/image/photo/69/main.jpg,自分の直感に素直に、今を全力でやってみる。,http://weebee1212.com/interview/content.php?id=69
Scarlet,アカペラサークルGhanna Ghanna,http://weebee1212.com/interview/image/photo/70/main.jpg,大学生活かけてもいいと思えるものが、アカペラでした,http://weebee1212.com/interview/content.php?id=70
伊藤弘之,国際文化学部卒業後、2013年P&G Japan Sales 入社,http://weebee1212.com/interview/image/photo/71/main.jpg,自分がやること全てをとにかく楽しむということ,http://weebee1212.com/interview/content.php?id=71
中井英晶,神戸大学サッカー部主将,http://weebee1212.com/interview/image/photo/72/main.jpg,大学生サッカーを知ってほしい、楽しんでほしい。そして１つの感動を共有したい。,http://weebee1212.com/interview/content.php?id=72
インドラ・ラル・スベディ,INDRA MAHAL店主,http://weebee1212.com/interview/image/photo/73/main.jpg,学生のやりたいことを応援したい,http://weebee1212.com/interview/content.php?id=73
麳聖貴(こむぎ きよたか),エンカレッジ神戸大学支部長,http://weebee1212.com/interview/image/photo/74/main.jpg,Why are you here?自分と向き合う大切さを伝えたい,http://weebee1212.com/interview/content.php?id=74
中村　嘉孝（なかむら　よしたか）,神戸大学法学部４回,http://weebee1212.com/interview/image/photo/75/main.jpg,弱い人に寄り添っていきたい。僕自身が弱い人間だから。,http://weebee1212.com/interview/content.php?id=75
河本 真夕（かわもと まゆ）,神戸よさこいまつり実行委員長（山美鼓所属）,http://weebee1212.com/interview/image/photo/76/main.jpg,よさこいって、わけわからないくらい楽しい！,http://weebee1212.com/interview/content.php?id=76
山口弘記,『えんぴつ画プログラム』講師工学部/情報知能学科 1回生,http://weebee1212.com/interview/image/photo/77/main.jpg,息苦しさのない社会をつくりたい,http://weebee1212.com/interview/content.php?id=77
野村 奈央（のむら なお）,知るカフェ神戸大学前店店長 / 発達科学部2回生,http://weebee1212.com/interview/image/photo/78/main.jpg,笑って出会って感謝して、アドバイスをもらってまた感謝して、人をどんどん好きになって,http://weebee1212.com/interview/content.php?id=78
本田優,自由劇場＊以下：ジゲキ 2016年度新歓公演『室温』主演,http://weebee1212.com/interview/image/photo/79/main.jpg,これだったら大学生活4年間、棒に振ってもいい。そう思えたのが演劇でした。,http://weebee1212.com/interview/content.php?id=79
稲葉滉星,神戸大学持続的災害支援プロジェクトKonti代表,http://weebee1212.com/interview/image/photo/80/main.jpg,自分たちに出来るのは、人に寄り添うこと,http://weebee1212.com/interview/content.php?id=80
藤中良太,六甲祭実行委員会委員長,http://weebee1212.com/interview/image/photo/81/main.jpg,六甲祭当日は忙しさよりもとにかく楽しい！って想いが強いです。,http://weebee1212.com/interview/content.php?id=81
阿部恭介,経営学部３回生/ポケモンサークルもらいび代表,http://weebee1212.com/interview/image/photo/82/main.jpg,趣味を続けてたらいつの間にか世界大会までいってました、なんてこともあると思うので,http://weebee1212.com/interview/content.php?id=82
吉岡詩織,“よしおカフェ”店長,http://weebee1212.com/interview/image/photo/83/main.jpg,私にとっての強みが、たまたま料理だったっていうだけ,http://weebee1212.com/interview/content.php?id=83
吉田輝,SPIA古着屋経営者／発達科学部3回,http://weebee1212.com/interview/image/photo/84/main.jpg,学生であるうちに、自分がやりたいことを思いっきりやりたい。,http://weebee1212.com/interview/content.php?id=84
"近藤 友祐,  阿部 智明",学生団体POMB,http://weebee1212.com/interview/image/photo/85/main.jpg,数学の面白さを伝えたい,http://weebee1212.com/interview/content.php?id=85
坂本 安弘,生協,http://weebee1212.com/interview/image/photo/86/main.jpg,もっと活きた生協であるために。,http://weebee1212.com/interview/content.php?id=86
山本真也,国際文化学研究科准教授,http://weebee1212.com/interview/image/photo/87/main.jpg,広く、かつ深く、物事に取り組む,http://weebee1212.com/interview/content.php?id=87
北山菜生,神戸大学体育会女子タッチフットボール部Rooks主将 ,http://weebee1212.com/interview/image/photo/88/main.jpg,自分ができること、自分が考えられることをどんどんやっていく方が人生きっと楽しい！,http://weebee1212.com/interview/content.php?id=88
"矢野隆之, 徳永滋之",アウトスタンズ代表・副代表,http://weebee1212.com/interview/image/photo/89/main.jpg,神大生のやりたいことを一緒に見つけたい。,http://weebee1212.com/interview/content.php?id=89
秦野 実(はたのみのる),“甘夏食堂”店主,http://weebee1212.com/interview/image/photo/90/main.jpg,好きだったらなんでもやれる。,http://weebee1212.com/interview/content.php?id=90
加納 久慶(かのう ひさよし),海事科学部2回生,http://weebee1212.com/interview/image/photo/91/main.jpg,”何が起こるか分からない” は ”何でも起こせる”ってこと,http://weebee1212.com/interview/content.php?id=91
今道拓也/柴田一慶,神戸大学フットサル部主将/神戸大学フットサル部同神戦係,http://weebee1212.com/interview/image/photo/92/main.jpg,フットサルを神大で一番の部活にしたい。,http://weebee1212.com/interview/content.php?id=92
久保陽香,“ぶさべじ”代表,http://weebee1212.com/interview/image/photo/93/main.jpg,食の背景を知った時に、こんなに美味しさって広がるんだ,http://weebee1212.com/interview/content.php?id=93
平田ナオヤ,経営学部4回生,http://weebee1212.com/interview/image/photo/94/main.jpg,100:100で頑張る、楽しむ。,http://weebee1212.com/interview/content.php?id=94
柄須賀皇司/松嶋航大/加賀屋航平,神大生を含む3人組ロックバンド the paddles,http://weebee1212.com/interview/image/photo/95/main.jpg,自分たちのような若い世代に言葉を投げかけたい。,http://weebee1212.com/interview/content.php?id=95
杉野友亮,Rokk-Code代表,http://weebee1212.com/interview/image/photo/96/main.jpg,テクノロジーが世界を変える、テクノロジーを理解することは未来の社会を理解すること。,http://weebee1212.com/interview/content.php?id=96
鈴木大策,文学部2回生,http://weebee1212.com/interview/image/photo/97/main.jpg,再出発は、いつでもできる。,http://weebee1212.com/interview/content.php?id=97
S.Shima,工学部2回生,http://weebee1212.com/interview/image/photo/98/main.jpg,歴史を刻め！,http://weebee1212.com/interview/content.php?id=98
津田英二,神戸大学大学院人間発達環境学研究科教授 交流ルーム（カフェアゴラ）運営委員,http://weebee1212.com/interview/image/photo/99/main.jpg,障害のある人の世界と障害のない人の世界、その中間をつくりたい。,http://weebee1212.com/interview/content.php?id=99
黒木麻由,セブンイレブン鶴甲第1キャンパス店店長,http://weebee1212.com/interview/image/photo/100/main.jpg,"限られた休み時間に ""いい気分"" を。",http://weebee1212.com/interview/content.php?id=100
